{
    "宝岛": [
        "/data/html/brand_product_1482.html",
        "/data/html/brand_product_2101.html",
        "/data/html/brand_product_1479.html"
    ],
    "白沙": [
        "/data/html/brand_product_2069.html",
        "/data/html/brand_product_2070.html",
        "/data/html/brand_product_2067.html",
        "/data/html/brand_product_2068.html",
        "/data/html/brand_product_2066.html",
        "/data/html/brand_product_2065.html",
        "/data/html/brand_product_2062.html",
        "/data/html/brand_product_2064.html",
        "/data/html/brand_product_2063.html",
        "/data/html/brand_product_1901.html",
        "/data/html/brand_product_2072.html",
        "/data/html/brand_product_2071.html",
        "/data/html/brand_product_2073.html",
        "/data/html/brand_product_2074.html",
        "/data/html/brand_product_2079.html",
        "/data/html/brand_product_2075.html",
        "/data/html/brand_product_2076.html",
        "/data/html/brand_product_2077.html",
        "/data/html/brand_product_2078.html",
        "/data/html/brand_product_2080.html"
    ],
    "长城": [
        "/data/html/brand_product_1687.html",
        "/data/html/brand_product_1682.html",
        "/data/html/brand_product_1686.html",
        "/data/html/brand_product_1683.html",
        "/data/html/brand_product_1684.html",
        "/data/html/brand_product_1690.html",
        "/data/html/brand_product_1685.html",
        "/data/html/brand_product_1688.html",
        "/data/html/brand_product_1689.html",
        "/data/html/brand_product_1680.html",
        "/data/html/brand_product_1681.html",
        "/data/html/brand_product_1679.html",
        "/data/html/brand_product_1678.html",
        "/data/html/brand_product_1675.html",
        "/data/html/brand_product_1677.html",
        "/data/html/brand_product_1674.html",
        "/data/html/brand_product_1676.html",
        "/data/html/brand_product_1673.html",
        "/data/html/brand_product_1672.html"
    ],
    "长白山": [
        "/data/html/brand_product_1148.html",
        "/data/html/brand_product_1142.html",
        "/data/html/brand_product_1129.html",
        "/data/html/brand_product_1130.html",
        "/data/html/brand_product_1143.html",
        "/data/html/brand_product_2021.html",
        "/data/html/brand_product_1132.html",
        "/data/html/brand_product_1138.html",
        "/data/html/brand_product_1136.html",
        "/data/html/brand_product_1140.html",
        "/data/html/brand_product_1147.html",
        "/data/html/brand_product_1144.html",
        "/data/html/brand_product_1146.html",
        "/data/html/brand_product_2019.html",
        "/data/html/brand_product_1131.html",
        "/data/html/brand_product_1137.html",
        "/data/html/brand_product_2018.html",
        "/data/html/brand_product_2022.html",
        "/data/html/brand_product_2017.html",
        "/data/html/brand_product_2023.html",
        "/data/html/brand_product_2016.html",
        "/data/html/brand_product_1133.html",
        "/data/html/brand_product_2020.html"
    ],
    "冬虫夏草": [
        "/data/html/brand_product_2178.html",
        "/data/html/brand_product_2007.html",
        "/data/html/brand_product_2008.html",
        "/data/html/brand_product_2180.html",
        "/data/html/brand_product_1256.html",
        "/data/html/brand_product_2003.html",
        "/data/html/brand_product_2177.html",
        "/data/html/brand_product_2002.html",
        "/data/html/brand_product_2004.html",
        "/data/html/brand_product_2006.html",
        "/data/html/brand_product_2005.html",
        "/data/html/brand_product_2179.html"
    ],
    "大青山": [
        "/data/html/brand_product_2001.html",
        "/data/html/brand_product_276.html"
    ],
    "钓鱼台": [
        "/data/html/brand_product_1717.html",
        "/data/html/brand_product_1718.html",
        "/data/html/brand_product_2131.html"
    ],
    "大红鹰": [
        "/data/html/brand_product_1412.html"
    ],
    "都宝": [
        "/data/html/brand_product_1173.html",
        "/data/html/brand_product_1927.html",
        "/data/html/brand_product_1158.html",
        "/data/html/brand_product_1928.html"
    ],
    "大前门": [
        "/data/html/brand_product_1840.html",
        "/data/html/brand_product_1841.html",
        "/data/html/brand_product_1839.html"
    ],
    "芙蓉王": [
        "/data/html/brand_product_2093.html",
        "/data/html/brand_product_2089.html",
        "/data/html/brand_product_2090.html",
        "/data/html/brand_product_2086.html",
        "/data/html/brand_product_2087.html",
        "/data/html/brand_product_2095.html",
        "/data/html/brand_product_2099.html",
        "/data/html/brand_product_2088.html",
        "/data/html/brand_product_2091.html",
        "/data/html/brand_product_2092.html",
        "/data/html/brand_product_2173.html",
        "/data/html/brand_product_2081.html",
        "/data/html/brand_product_2085.html",
        "/data/html/brand_product_2094.html",
        "/data/html/brand_product_2174.html",
        "/data/html/brand_product_2097.html",
        "/data/html/brand_product_2098.html",
        "/data/html/brand_product_2083.html",
        "/data/html/brand_product_2175.html",
        "/data/html/brand_product_2084.html",
        "/data/html/brand_product_2082.html",
        "/data/html/brand_product_2096.html"
    ],
    "凤凰": [
        "/data/html/brand_product_1842.html",
        "/data/html/brand_product_1897.html"
    ],
    "贵烟": [
        "/data/html/brand_product_1282.html",
        "/data/html/brand_product_1281.html",
        "/data/html/brand_product_1280.html",
        "/data/html/brand_product_1959.html",
        "/data/html/brand_product_1278.html",
        "/data/html/brand_product_1277.html",
        "/data/html/brand_product_1958.html",
        "/data/html/brand_product_1274.html",
        "/data/html/brand_product_1272.html",
        "/data/html/brand_product_1275.html",
        "/data/html/brand_product_1271.html",
        "/data/html/brand_product_1273.html",
        "/data/html/brand_product_1887.html",
        "/data/html/brand_product_1957.html",
        "/data/html/brand_product_1269.html",
        "/data/html/brand_product_1268.html",
        "/data/html/brand_product_1266.html",
        "/data/html/brand_product_1267.html",
        "/data/html/brand_product_1956.html",
        "/data/html/brand_product_1955.html",
        "/data/html/brand_product_1265.html",
        "/data/html/brand_product_1264.html",
        "/data/html/brand_product_1261.html",
        "/data/html/brand_product_1262.html"
    ],
    "古田": [
        "/data/html/brand_product_1732.html"
    ],
    "H": [],
    "红三环": [
        "/data/html/brand_product_1947.html",
        "/data/html/brand_product_1948.html"
    ],
    "红河": [
        "/data/html/brand_product_2150.html",
        "/data/html/brand_product_2149.html",
        "/data/html/brand_product_2147.html",
        "/data/html/brand_product_2148.html",
        "/data/html/brand_product_2146.html",
        "/data/html/brand_product_2136.html",
        "/data/html/brand_product_2135.html",
        "/data/html/brand_product_1723.html",
        "/data/html/brand_product_2134.html",
        "/data/html/brand_product_2130.html",
        "/data/html/brand_product_2129.html",
        "/data/html/brand_product_2128.html"
    ],
    "红旗渠": [
        "/data/html/brand_product_1251.html",
        "/data/html/brand_product_1249.html",
        "/data/html/brand_product_1247.html",
        "/data/html/brand_product_1248.html",
        "/data/html/brand_product_1246.html",
        "/data/html/brand_product_1245.html"
    ],
    "红双喜(上海)": [
        "/data/html/brand_product_1843.html",
        "/data/html/brand_product_1844.html",
        "/data/html/brand_product_1845.html",
        "/data/html/brand_product_1852.html",
        "/data/html/brand_product_2055.html",
        "/data/html/brand_product_1847.html",
        "/data/html/brand_product_1853.html",
        "/data/html/brand_product_1850.html",
        "/data/html/brand_product_1846.html",
        "/data/html/brand_product_2052.html"
    ],
    "黄金叶": [
        "/data/html/brand_product_1244.html",
        "/data/html/brand_product_1240.html",
        "/data/html/brand_product_1241.html",
        "/data/html/brand_product_1242.html",
        "/data/html/brand_product_1239.html",
        "/data/html/brand_product_1236.html",
        "/data/html/brand_product_1238.html",
        "/data/html/brand_product_1233.html",
        "/data/html/brand_product_1235.html",
        "/data/html/brand_product_1231.html",
        "/data/html/brand_product_1980.html",
        "/data/html/brand_product_1229.html",
        "/data/html/brand_product_1230.html",
        "/data/html/brand_product_1979.html",
        "/data/html/brand_product_1226.html",
        "/data/html/brand_product_1227.html",
        "/data/html/brand_product_1224.html",
        "/data/html/brand_product_1225.html",
        "/data/html/brand_product_1978.html",
        "/data/html/brand_product_1977.html",
        "/data/html/brand_product_1223.html",
        "/data/html/brand_product_1976.html",
        "/data/html/brand_product_1221.html",
        "/data/html/brand_product_1973.html",
        "/data/html/brand_product_1974.html",
        "/data/html/brand_product_1975.html",
        "/data/html/brand_product_1972.html",
        "/data/html/brand_product_1217.html",
        "/data/html/brand_product_1971.html",
        "/data/html/brand_product_1213.html",
        "/data/html/brand_product_1214.html",
        "/data/html/brand_product_1970.html"
    ],
    "黄鹤楼": [
        "/data/html/brand_product_1637.html",
        "/data/html/brand_product_1639.html",
        "/data/html/brand_product_1634.html",
        "/data/html/brand_product_1630.html",
        "/data/html/brand_product_1627.html",
        "/data/html/brand_product_1629.html",
        "/data/html/brand_product_1625.html",
        "/data/html/brand_product_1619.html",
        "/data/html/brand_product_1621.html",
        "/data/html/brand_product_1624.html",
        "/data/html/brand_product_1988.html",
        "/data/html/brand_product_1617.html",
        "/data/html/brand_product_1618.html",
        "/data/html/brand_product_1615.html",
        "/data/html/brand_product_1614.html",
        "/data/html/brand_product_1610.html",
        "/data/html/brand_product_1985.html",
        "/data/html/brand_product_1608.html",
        "/data/html/brand_product_1609.html",
        "/data/html/brand_product_1605.html",
        "/data/html/brand_product_1604.html",
        "/data/html/brand_product_1601.html",
        "/data/html/brand_product_1603.html",
        "/data/html/brand_product_1593.html",
        "/data/html/brand_product_1598.html",
        "/data/html/brand_product_1600.html",
        "/data/html/brand_product_1986.html",
        "/data/html/brand_product_1987.html"
    ],
    "好猫": [
        "/data/html/brand_product_1378.html",
        "/data/html/brand_product_2033.html",
        "/data/html/brand_product_1369.html",
        "/data/html/brand_product_1368.html",
        "/data/html/brand_product_1371.html",
        "/data/html/brand_product_1375.html",
        "/data/html/brand_product_1379.html",
        "/data/html/brand_product_1380.html",
        "/data/html/brand_product_2032.html",
        "/data/html/brand_product_2034.html",
        "/data/html/brand_product_1370.html",
        "/data/html/brand_product_1377.html",
        "/data/html/brand_product_1376.html",
        "/data/html/brand_product_2036.html",
        "/data/html/brand_product_2035.html"
    ],
    "红金龙": [
        "/data/html/brand_product_1643.html"
    ],
    "哈德门": [
        "/data/html/brand_product_2158.html",
        "/data/html/brand_product_2159.html",
        "/data/html/brand_product_2160.html"
    ],
    "黄山": [
        "/data/html/brand_product_1178.html",
        "/data/html/brand_product_1176.html",
        "/data/html/brand_product_1177.html",
        "/data/html/brand_product_1175.html",
        "/data/html/brand_product_1174.html",
        "/data/html/brand_product_1171.html",
        "/data/html/brand_product_1172.html",
        "/data/html/brand_product_1169.html",
        "/data/html/brand_product_1170.html",
        "/data/html/brand_product_1166.html",
        "/data/html/brand_product_1167.html",
        "/data/html/brand_product_1165.html",
        "/data/html/brand_product_1164.html",
        "/data/html/brand_product_1163.html",
        "/data/html/brand_product_1161.html",
        "/data/html/brand_product_1162.html",
        "/data/html/brand_product_1935.html",
        "/data/html/brand_product_1159.html",
        "/data/html/brand_product_1160.html",
        "/data/html/brand_product_1931.html",
        "/data/html/brand_product_1937.html",
        "/data/html/brand_product_1936.html",
        "/data/html/brand_product_1157.html",
        "/data/html/brand_product_1933.html",
        "/data/html/brand_product_1934.html",
        "/data/html/brand_product_1156.html",
        "/data/html/brand_product_1155.html",
        "/data/html/brand_product_1154.html",
        "/data/html/brand_product_1932.html",
        "/data/html/brand_product_1930.html",
        "/data/html/brand_product_1152.html",
        "/data/html/brand_product_1153.html",
        "/data/html/brand_product_1929.html",
        "/data/html/brand_product_1150.html",
        "/data/html/brand_product_1151.html",
        "/data/html/brand_product_1149.html",
        "/data/html/brand_product_1926.html"
    ],
    "红塔山": [
        "/data/html/brand_product_2145.html",
        "/data/html/brand_product_2144.html",
        "/data/html/brand_product_2140.html",
        "/data/html/brand_product_2141.html",
        "/data/html/brand_product_2142.html",
        "/data/html/brand_product_2143.html",
        "/data/html/brand_product_2139.html",
        "/data/html/brand_product_1722.html",
        "/data/html/brand_product_1720.html",
        "/data/html/brand_product_1721.html",
        "/data/html/brand_product_2133.html",
        "/data/html/brand_product_2127.html"
    ],
    "黄果树": [
        "/data/html/brand_product_1287.html",
        "/data/html/brand_product_1288.html",
        "/data/html/brand_product_1285.html",
        "/data/html/brand_product_1286.html",
        "/data/html/brand_product_1284.html"
    ],
    "红玫": [
        "/data/html/brand_product_1826.html"
    ],
    "哈尔滨": [
        "/data/html/brand_product_1122.html",
        "/data/html/brand_product_1121.html",
        "/data/html/brand_product_2010.html",
        "/data/html/brand_product_1119.html"
    ],
    "猴王": [],
    "恒大": [
        "/data/html/brand_product_2047.html",
        "/data/html/brand_product_1832.html",
        "/data/html/brand_product_1833.html",
        "/data/html/brand_product_1836.html",
        "/data/html/brand_product_1835.html",
        "/data/html/brand_product_1834.html"
    ],
    "娇子": [
        "/data/html/brand_product_1212.html",
        "/data/html/brand_product_1210.html",
        "/data/html/brand_product_1211.html",
        "/data/html/brand_product_1205.html",
        "/data/html/brand_product_1206.html",
        "/data/html/brand_product_1207.html",
        "/data/html/brand_product_1208.html",
        "/data/html/brand_product_1209.html",
        "/data/html/brand_product_1204.html",
        "/data/html/brand_product_1203.html",
        "/data/html/brand_product_1202.html",
        "/data/html/brand_product_1201.html",
        "/data/html/brand_product_1198.html",
        "/data/html/brand_product_1199.html",
        "/data/html/brand_product_1200.html",
        "/data/html/brand_product_1197.html",
        "/data/html/brand_product_1195.html",
        "/data/html/brand_product_1194.html",
        "/data/html/brand_product_1191.html",
        "/data/html/brand_product_1192.html",
        "/data/html/brand_product_1193.html",
        "/data/html/brand_product_1190.html",
        "/data/html/brand_product_1188.html",
        "/data/html/brand_product_1189.html",
        "/data/html/brand_product_1185.html",
        "/data/html/brand_product_1186.html",
        "/data/html/brand_product_1187.html",
        "/data/html/brand_product_1179.html",
        "/data/html/brand_product_1180.html",
        "/data/html/brand_product_1181.html",
        "/data/html/brand_product_1182.html",
        "/data/html/brand_product_1183.html",
        "/data/html/brand_product_1184.html"
    ],
    "金圣": [
        "/data/html/brand_product_1550.html",
        "/data/html/brand_product_1548.html",
        "/data/html/brand_product_1549.html",
        "/data/html/brand_product_1545.html",
        "/data/html/brand_product_1546.html",
        "/data/html/brand_product_1544.html",
        "/data/html/brand_product_1543.html",
        "/data/html/brand_product_1542.html",
        "/data/html/brand_product_1541.html",
        "/data/html/brand_product_1539.html",
        "/data/html/brand_product_1992.html",
        "/data/html/brand_product_1538.html",
        "/data/html/brand_product_1993.html",
        "/data/html/brand_product_1536.html",
        "/data/html/brand_product_1902.html",
        "/data/html/brand_product_1995.html",
        "/data/html/brand_product_1530.html",
        "/data/html/brand_product_1531.html",
        "/data/html/brand_product_1532.html",
        "/data/html/brand_product_1529.html",
        "/data/html/brand_product_1996.html",
        "/data/html/brand_product_1994.html",
        "/data/html/brand_product_1526.html",
        "/data/html/brand_product_1519.html",
        "/data/html/brand_product_1522.html",
        "/data/html/brand_product_1523.html"
    ],
    "金桥": [
        "/data/html/brand_product_1767.html",
        "/data/html/brand_product_1764.html",
        "/data/html/brand_product_1924.html",
        "/data/html/brand_product_1765.html"
    ],
    "甲天下": [
        "/data/html/brand_product_1115.html"
    ],
    "将军": [
        "/data/html/brand_product_1477.html",
        "/data/html/brand_product_1478.html",
        "/data/html/brand_product_1476.html",
        "/data/html/brand_product_1475.html"
    ],
    "龙烟": [
        "/data/html/brand_product_1117.html",
        "/data/html/brand_product_2182.html",
        "/data/html/brand_product_2181.html",
        "/data/html/brand_product_1781.html",
        "/data/html/brand_product_2009.html"
    ],
    "林海灵芝": [
        "/data/html/brand_product_1125.html",
        "/data/html/brand_product_1124.html",
        "/data/html/brand_product_1127.html"
    ],
    "庐山": [
        "/data/html/brand_product_2000.html",
        "/data/html/brand_product_1551.html",
        "/data/html/brand_product_1998.html",
        "/data/html/brand_product_1997.html",
        "/data/html/brand_product_1999.html"
    ],
    "兰州": [
        "/data/html/brand_product_1087.html",
        "/data/html/brand_product_1085.html",
        "/data/html/brand_product_1086.html",
        "/data/html/brand_product_1084.html",
        "/data/html/brand_product_1083.html",
        "/data/html/brand_product_2041.html",
        "/data/html/brand_product_2168.html",
        "/data/html/brand_product_1079.html",
        "/data/html/brand_product_1080.html",
        "/data/html/brand_product_1075.html",
        "/data/html/brand_product_1078.html",
        "/data/html/brand_product_2039.html",
        "/data/html/brand_product_1077.html",
        "/data/html/brand_product_2038.html",
        "/data/html/brand_product_2042.html",
        "/data/html/brand_product_2040.html",
        "/data/html/brand_product_1070.html",
        "/data/html/brand_product_2037.html",
        "/data/html/brand_product_1072.html",
        "/data/html/brand_product_1071.html",
        "/data/html/brand_product_2167.html"
    ],
    "利群": [
        "/data/html/brand_product_1410.html",
        "/data/html/brand_product_1408.html",
        "/data/html/brand_product_1409.html",
        "/data/html/brand_product_1782.html",
        "/data/html/brand_product_1407.html",
        "/data/html/brand_product_1905.html",
        "/data/html/brand_product_1406.html",
        "/data/html/brand_product_1404.html",
        "/data/html/brand_product_1405.html",
        "/data/html/brand_product_1403.html",
        "/data/html/brand_product_1402.html",
        "/data/html/brand_product_1906.html",
        "/data/html/brand_product_1909.html",
        "/data/html/brand_product_1400.html",
        "/data/html/brand_product_1399.html",
        "/data/html/brand_product_2046.html",
        "/data/html/brand_product_1398.html",
        "/data/html/brand_product_2044.html",
        "/data/html/brand_product_1397.html",
        "/data/html/brand_product_2043.html",
        "/data/html/brand_product_1394.html",
        "/data/html/brand_product_1592.html",
        "/data/html/brand_product_2045.html"
    ],
    "龙凤呈祥": [
        "/data/html/brand_product_1362.html",
        "/data/html/brand_product_1361.html",
        "/data/html/brand_product_1359.html",
        "/data/html/brand_product_1360.html",
        "/data/html/brand_product_1358.html",
        "/data/html/brand_product_1355.html",
        "/data/html/brand_product_1356.html",
        "/data/html/brand_product_1353.html",
        "/data/html/brand_product_1352.html",
        "/data/html/brand_product_1348.html"
    ],
    "牡丹": [
        "/data/html/brand_product_1855.html",
        "/data/html/brand_product_2048.html",
        "/data/html/brand_product_2050.html",
        "/data/html/brand_product_1837.html",
        "/data/html/brand_product_1838.html",
        "/data/html/brand_product_1896.html",
        "/data/html/brand_product_2049.html",
        "/data/html/brand_product_1856.html",
        "/data/html/brand_product_2051.html"
    ],
    "南京": [
        "/data/html/brand_product_1671.html",
        "/data/html/brand_product_1670.html",
        "/data/html/brand_product_1668.html",
        "/data/html/brand_product_1666.html",
        "/data/html/brand_product_1665.html",
        "/data/html/brand_product_1669.html",
        "/data/html/brand_product_2029.html",
        "/data/html/brand_product_1664.html",
        "/data/html/brand_product_2030.html",
        "/data/html/brand_product_1663.html",
        "/data/html/brand_product_1661.html",
        "/data/html/brand_product_1657.html",
        "/data/html/brand_product_1658.html",
        "/data/html/brand_product_1659.html",
        "/data/html/brand_product_1660.html"
    ],
    "七匹狼": [
        "/data/html/brand_product_1762.html",
        "/data/html/brand_product_1763.html",
        "/data/html/brand_product_1760.html",
        "/data/html/brand_product_1761.html",
        "/data/html/brand_product_1742.html",
        "/data/html/brand_product_1758.html",
        "/data/html/brand_product_1757.html",
        "/data/html/brand_product_1925.html",
        "/data/html/brand_product_1741.html",
        "/data/html/brand_product_1756.html",
        "/data/html/brand_product_1743.html",
        "/data/html/brand_product_1746.html",
        "/data/html/brand_product_1747.html",
        "/data/html/brand_product_1755.html",
        "/data/html/brand_product_1740.html",
        "/data/html/brand_product_1923.html",
        "/data/html/brand_product_1754.html",
        "/data/html/brand_product_1752.html",
        "/data/html/brand_product_1736.html",
        "/data/html/brand_product_1921.html",
        "/data/html/brand_product_1922.html",
        "/data/html/brand_product_1753.html",
        "/data/html/brand_product_1920.html",
        "/data/html/brand_product_1916.html",
        "/data/html/brand_product_1917.html",
        "/data/html/brand_product_1918.html",
        "/data/html/brand_product_1919.html",
        "/data/html/brand_product_1751.html",
        "/data/html/brand_product_1914.html",
        "/data/html/brand_product_1915.html",
        "/data/html/brand_product_1726.html",
        "/data/html/brand_product_1735.html",
        "/data/html/brand_product_1913.html",
        "/data/html/brand_product_1912.html",
        "/data/html/brand_product_1727.html",
        "/data/html/brand_product_1724.html",
        "/data/html/brand_product_1725.html"
    ],
    "人民大会堂": [
        "/data/html/brand_product_1557.html",
        "/data/html/brand_product_1558.html",
        "/data/html/brand_product_1559.html",
        "/data/html/brand_product_2013.html",
        "/data/html/brand_product_2164.html",
        "/data/html/brand_product_2165.html",
        "/data/html/brand_product_2012.html",
        "/data/html/brand_product_1554.html",
        "/data/html/brand_product_2011.html",
        "/data/html/brand_product_1553.html"
    ],
    "双喜·好日子": [
        "/data/html/brand_product_1430.html",
        "/data/html/brand_product_1427.html",
        "/data/html/brand_product_1429.html",
        "/data/html/brand_product_1426.html",
        "/data/html/brand_product_1425.html",
        "/data/html/brand_product_1424.html",
        "/data/html/brand_product_1423.html",
        "/data/html/brand_product_1421.html",
        "/data/html/brand_product_1983.html",
        "/data/html/brand_product_1982.html",
        "/data/html/brand_product_1420.html",
        "/data/html/brand_product_1981.html",
        "/data/html/brand_product_1984.html",
        "/data/html/brand_product_1418.html",
        "/data/html/brand_product_1417.html"
    ],
    "苏烟": [
        "/data/html/brand_product_1656.html",
        "/data/html/brand_product_2027.html",
        "/data/html/brand_product_1655.html",
        "/data/html/brand_product_1654.html",
        "/data/html/brand_product_1653.html",
        "/data/html/brand_product_2028.html",
        "/data/html/brand_product_1652.html",
        "/data/html/brand_product_1651.html",
        "/data/html/brand_product_2031.html",
        "/data/html/brand_product_1650.html",
        "/data/html/brand_product_1649.html",
        "/data/html/brand_product_1647.html",
        "/data/html/brand_product_1648.html"
    ],
    "石狮": [],
    "三沙": [
        "/data/html/brand_product_1485.html",
        "/data/html/brand_product_1484.html",
        "/data/html/brand_product_1483.html",
        "/data/html/brand_product_2100.html"
    ],
    "狮牌": [
        "/data/html/brand_product_1692.html",
        "/data/html/brand_product_1691.html"
    ],
    "散花": [],
    "双喜(广东)": [
        "/data/html/brand_product_1783.html",
        "/data/html/brand_product_1784.html",
        "/data/html/brand_product_1821.html",
        "/data/html/brand_product_1788.html",
        "/data/html/brand_product_1789.html",
        "/data/html/brand_product_1790.html",
        "/data/html/brand_product_1817.html",
        "/data/html/brand_product_1822.html",
        "/data/html/brand_product_1787.html",
        "/data/html/brand_product_1791.html",
        "/data/html/brand_product_1793.html",
        "/data/html/brand_product_1794.html",
        "/data/html/brand_product_1823.html",
        "/data/html/brand_product_1795.html",
        "/data/html/brand_product_1895.html",
        "/data/html/brand_product_1796.html",
        "/data/html/brand_product_1798.html",
        "/data/html/brand_product_1799.html",
        "/data/html/brand_product_1800.html",
        "/data/html/brand_product_1818.html",
        "/data/html/brand_product_1801.html",
        "/data/html/brand_product_1824.html",
        "/data/html/brand_product_1819.html",
        "/data/html/brand_product_1945.html",
        "/data/html/brand_product_1805.html",
        "/data/html/brand_product_1946.html",
        "/data/html/brand_product_1820.html",
        "/data/html/brand_product_1813.html",
        "/data/html/brand_product_1807.html",
        "/data/html/brand_product_1815.html",
        "/data/html/brand_product_1812.html",
        "/data/html/brand_product_1816.html"
    ],
    "土楼": [],
    "天子": [
        "/data/html/brand_product_1345.html",
        "/data/html/brand_product_1989.html",
        "/data/html/brand_product_1343.html",
        "/data/html/brand_product_1339.html",
        "/data/html/brand_product_1340.html",
        "/data/html/brand_product_1338.html",
        "/data/html/brand_product_1337.html",
        "/data/html/brand_product_1335.html",
        "/data/html/brand_product_1332.html",
        "/data/html/brand_product_1330.html",
        "/data/html/brand_product_1326.html"
    ],
    "泰山": [
        "/data/html/brand_product_2161.html",
        "/data/html/brand_product_1448.html",
        "/data/html/brand_product_1446.html",
        "/data/html/brand_product_1471.html",
        "/data/html/brand_product_1432.html",
        "/data/html/brand_product_1444.html",
        "/data/html/brand_product_1447.html",
        "/data/html/brand_product_1470.html",
        "/data/html/brand_product_1441.html",
        "/data/html/brand_product_1442.html",
        "/data/html/brand_product_1443.html",
        "/data/html/brand_product_1455.html",
        "/data/html/brand_product_1472.html",
        "/data/html/brand_product_1474.html",
        "/data/html/brand_product_2155.html",
        "/data/html/brand_product_1453.html",
        "/data/html/brand_product_1894.html",
        "/data/html/brand_product_1439.html",
        "/data/html/brand_product_1452.html",
        "/data/html/brand_product_1456.html",
        "/data/html/brand_product_1468.html",
        "/data/html/brand_product_1469.html",
        "/data/html/brand_product_1473.html",
        "/data/html/brand_product_1436.html",
        "/data/html/brand_product_1437.html",
        "/data/html/brand_product_1451.html",
        "/data/html/brand_product_1890.html",
        "/data/html/brand_product_2154.html",
        "/data/html/brand_product_2185.html",
        "/data/html/brand_product_1467.html",
        "/data/html/brand_product_2184.html",
        "/data/html/brand_product_1466.html",
        "/data/html/brand_product_2151.html",
        "/data/html/brand_product_1450.html",
        "/data/html/brand_product_1454.html",
        "/data/html/brand_product_2153.html",
        "/data/html/brand_product_1465.html",
        "/data/html/brand_product_2157.html",
        "/data/html/brand_product_1449.html",
        "/data/html/brand_product_1464.html",
        "/data/html/brand_product_1891.html",
        "/data/html/brand_product_2152.html",
        "/data/html/brand_product_1434.html",
        "/data/html/brand_product_2156.html",
        "/data/html/brand_product_1433.html",
        "/data/html/brand_product_2183.html",
        "/data/html/brand_product_1463.html",
        "/data/html/brand_product_1462.html",
        "/data/html/brand_product_1461.html"
    ],
    "王冠": [
        "/data/html/brand_product_1583.html",
        "/data/html/brand_product_1582.html",
        "/data/html/brand_product_1588.html",
        "/data/html/brand_product_1576.html",
        "/data/html/brand_product_1587.html",
        "/data/html/brand_product_1572.html",
        "/data/html/brand_product_1585.html",
        "/data/html/brand_product_1586.html",
        "/data/html/brand_product_1590.html",
        "/data/html/brand_product_1581.html",
        "/data/html/brand_product_1577.html",
        "/data/html/brand_product_1580.html",
        "/data/html/brand_product_1589.html",
        "/data/html/brand_product_1938.html",
        "/data/html/brand_product_1941.html",
        "/data/html/brand_product_1944.html",
        "/data/html/brand_product_1942.html",
        "/data/html/brand_product_1575.html",
        "/data/html/brand_product_1570.html",
        "/data/html/brand_product_1573.html",
        "/data/html/brand_product_1574.html",
        "/data/html/brand_product_1567.html",
        "/data/html/brand_product_1907.html",
        "/data/html/brand_product_1569.html",
        "/data/html/brand_product_1940.html",
        "/data/html/brand_product_1563.html",
        "/data/html/brand_product_1571.html",
        "/data/html/brand_product_1943.html",
        "/data/html/brand_product_1908.html",
        "/data/html/brand_product_1565.html",
        "/data/html/brand_product_1566.html",
        "/data/html/brand_product_1939.html",
        "/data/html/brand_product_1564.html",
        "/data/html/brand_product_1560.html",
        "/data/html/brand_product_1562.html",
        "/data/html/brand_product_1561.html"
    ],
    "雄狮": [
        "/data/html/brand_product_1415.html",
        "/data/html/brand_product_1416.html",
        "/data/html/brand_product_1414.html",
        "/data/html/brand_product_1413.html"
    ],
    "熊猫": [
        "/data/html/brand_product_1859.html",
        "/data/html/brand_product_1858.html",
        "/data/html/brand_product_2176.html",
        "/data/html/brand_product_1857.html"
    ],
    "玉溪": [
        "/data/html/brand_product_1702.html",
        "/data/html/brand_product_1703.html",
        "/data/html/brand_product_1704.html",
        "/data/html/brand_product_1705.html",
        "/data/html/brand_product_2109.html",
        "/data/html/brand_product_2110.html",
        "/data/html/brand_product_2111.html",
        "/data/html/brand_product_1555.html",
        "/data/html/brand_product_1700.html",
        "/data/html/brand_product_1701.html",
        "/data/html/brand_product_2108.html",
        "/data/html/brand_product_2107.html",
        "/data/html/brand_product_1697.html",
        "/data/html/brand_product_1698.html",
        "/data/html/brand_product_1699.html",
        "/data/html/brand_product_1893.html",
        "/data/html/brand_product_2106.html",
        "/data/html/brand_product_1696.html",
        "/data/html/brand_product_1695.html",
        "/data/html/brand_product_2105.html",
        "/data/html/brand_product_1900.html",
        "/data/html/brand_product_2104.html",
        "/data/html/brand_product_1694.html",
        "/data/html/brand_product_2103.html",
        "/data/html/brand_product_1693.html",
        "/data/html/brand_product_1892.html",
        "/data/html/brand_product_2102.html"
    ],
    "延安": [
        "/data/html/brand_product_1386.html",
        "/data/html/brand_product_1391.html",
        "/data/html/brand_product_1387.html",
        "/data/html/brand_product_1388.html",
        "/data/html/brand_product_1383.html",
        "/data/html/brand_product_1385.html",
        "/data/html/brand_product_1384.html",
        "/data/html/brand_product_1390.html",
        "/data/html/brand_product_1382.html",
        "/data/html/brand_product_1889.html",
        "/data/html/brand_product_1389.html"
    ],
    "羊城": [],
    "椰树": [
        "/data/html/brand_product_1830.html"
    ],
    "云烟": [
        "/data/html/brand_product_2138.html",
        "/data/html/brand_product_2137.html",
        "/data/html/brand_product_1257.html",
        "/data/html/brand_product_1719.html",
        "/data/html/brand_product_2132.html",
        "/data/html/brand_product_1258.html",
        "/data/html/brand_product_1888.html",
        "/data/html/brand_product_2126.html",
        "/data/html/brand_product_1716.html",
        "/data/html/brand_product_2124.html",
        "/data/html/brand_product_2125.html",
        "/data/html/brand_product_1715.html",
        "/data/html/brand_product_1259.html",
        "/data/html/brand_product_1714.html",
        "/data/html/brand_product_2122.html",
        "/data/html/brand_product_2123.html",
        "/data/html/brand_product_2120.html",
        "/data/html/brand_product_2119.html",
        "/data/html/brand_product_1712.html",
        "/data/html/brand_product_1713.html",
        "/data/html/brand_product_1711.html",
        "/data/html/brand_product_1710.html",
        "/data/html/brand_product_2118.html",
        "/data/html/brand_product_2116.html",
        "/data/html/brand_product_2117.html",
        "/data/html/brand_product_2115.html",
        "/data/html/brand_product_1709.html",
        "/data/html/brand_product_1899.html",
        "/data/html/brand_product_2113.html",
        "/data/html/brand_product_2114.html",
        "/data/html/brand_product_2112.html",
        "/data/html/brand_product_1706.html",
        "/data/html/brand_product_1707.html",
        "/data/html/brand_product_1708.html"
    ],
    "紫气东来": [
        "/data/html/brand_product_1644.html",
        "/data/html/brand_product_1645.html",
        "/data/html/brand_product_2025.html",
        "/data/html/brand_product_2026.html"
    ],
    "真龙": [
        "/data/html/brand_product_1114.html",
        "/data/html/brand_product_1113.html",
        "/data/html/brand_product_1109.html",
        "/data/html/brand_product_1110.html",
        "/data/html/brand_product_1108.html",
        "/data/html/brand_product_1106.html",
        "/data/html/brand_product_1104.html",
        "/data/html/brand_product_1107.html",
        "/data/html/brand_product_1103.html",
        "/data/html/brand_product_1954.html",
        "/data/html/brand_product_1101.html",
        "/data/html/brand_product_1102.html",
        "/data/html/brand_product_1098.html",
        "/data/html/brand_product_1099.html",
        "/data/html/brand_product_1953.html",
        "/data/html/brand_product_1096.html",
        "/data/html/brand_product_1952.html",
        "/data/html/brand_product_1095.html",
        "/data/html/brand_product_1951.html",
        "/data/html/brand_product_1950.html",
        "/data/html/brand_product_1092.html",
        "/data/html/brand_product_1091.html",
        "/data/html/brand_product_1090.html",
        "/data/html/brand_product_1089.html",
        "/data/html/brand_product_1088.html",
        "/data/html/brand_product_1949.html"
    ],
    "中华": [
        "/data/html/brand_product_1869.html",
        "/data/html/brand_product_1868.html",
        "/data/html/brand_product_1866.html",
        "/data/html/brand_product_1867.html",
        "/data/html/brand_product_1862.html",
        "/data/html/brand_product_1864.html",
        "/data/html/brand_product_2053.html",
        "/data/html/brand_product_1860.html",
        "/data/html/brand_product_1863.html",
        "/data/html/brand_product_1861.html",
        "/data/html/brand_product_1898.html",
        "/data/html/brand_product_2054.html",
        "/data/html/brand_product_1865.html"
    ],
    "遵义": [
        "/data/html/brand_product_1290.html"
    ],
    "钻石": [
        "/data/html/brand_product_1321.html",
        "/data/html/brand_product_1324.html",
        "/data/html/brand_product_1322.html",
        "/data/html/brand_product_1323.html",
        "/data/html/brand_product_1320.html",
        "/data/html/brand_product_1319.html",
        "/data/html/brand_product_1317.html",
        "/data/html/brand_product_1318.html",
        "/data/html/brand_product_1316.html",
        "/data/html/brand_product_1314.html",
        "/data/html/brand_product_1312.html",
        "/data/html/brand_product_1313.html",
        "/data/html/brand_product_1963.html",
        "/data/html/brand_product_1309.html",
        "/data/html/brand_product_1308.html",
        "/data/html/brand_product_1306.html",
        "/data/html/brand_product_1968.html",
        "/data/html/brand_product_1303.html",
        "/data/html/brand_product_1305.html",
        "/data/html/brand_product_1300.html",
        "/data/html/brand_product_1301.html",
        "/data/html/brand_product_1964.html",
        "/data/html/brand_product_1966.html",
        "/data/html/brand_product_1969.html",
        "/data/html/brand_product_1967.html",
        "/data/html/brand_product_1299.html",
        "/data/html/brand_product_1960.html",
        "/data/html/brand_product_1961.html",
        "/data/html/brand_product_1297.html",
        "/data/html/brand_product_1295.html",
        "/data/html/brand_product_1965.html",
        "/data/html/brand_product_1294.html",
        "/data/html/brand_product_1962.html",
        "/data/html/brand_product_1292.html",
        "/data/html/brand_product_1291.html"
    ],
    "中南海": [
        "/data/html/brand_product_1870.html",
        "/data/html/brand_product_1874.html",
        "/data/html/brand_product_1876.html",
        "/data/html/brand_product_1883.html",
        "/data/html/brand_product_1872.html",
        "/data/html/brand_product_1873.html",
        "/data/html/brand_product_1880.html",
        "/data/html/brand_product_2056.html",
        "/data/html/brand_product_2059.html",
        "/data/html/brand_product_1881.html",
        "/data/html/brand_product_1871.html",
        "/data/html/brand_product_2061.html",
        "/data/html/brand_product_1878.html",
        "/data/html/brand_product_2058.html",
        "/data/html/brand_product_1875.html",
        "/data/html/brand_product_2057.html",
        "/data/html/brand_product_1886.html",
        "/data/html/brand_product_2060.html",
        "/data/html/brand_product_1885.html"
    ]
}