[
  {
    "name": "宝岛",
    "link": "queryBrandByPage.do?pageNum=1&bigBrandId=139"
  },
  {
    "name": "白沙",
    "link": "queryBrandByPage.do?pageNum=1&bigBrandId=23"
  },
  {
    "name": "长城",
    "link": "queryBrandByPage.do?pageNum=1&bigBrandId=113"
  },
  {
    "name": "长白山",
    "link": "queryBrandByPage.do?pageNum=1&bigBrandId=24"
  },
  {
    "name": "冬虫夏草",
    "link": "queryBrandByPage.do?pageNum=1&bigBrandId=114"
  },
  {
    "name": "大青山",
    "link": "queryBrandByPage.do?pageNum=1&bigBrandId=115"
  },
  {
    "name": "钓鱼台",
    "link": "queryBrandByPage.do?pageNum=1&bigBrandId=33"
  },
  {
    "name": "大红鹰",
    "link": "queryBrandByPage.do?pageNum=1&bigBrandId=52"
  },
  {
    "name": "都宝",
    "link": "queryBrandByPage.do?pageNum=1&bigBrandId=48"
  },
  {
    "name": "大前门",
    "link": "queryBrandByPage.do?pageNum=1&bigBrandId=76"
  },
  {
    "name": "芙蓉王",
    "link": "queryBrandByPage.do?pageNum=1&bigBrandId=19"
  },
  {
    "name": "凤凰",
    "link": "queryBrandByPage.do?pageNum=1&bigBrandId=135"
  },
  {
    "name": "贵烟",
    "link": "queryBrandByPage.do?pageNum=1&bigBrandId=117"
  },
  {
    "name": "古田",
    "link": "queryBrandByPage.do?pageNum=1&bigBrandId=83"
  },
  {
    "name": "H",
    "link": "qryBrandInit.do?pageNum=1&quickQry=1&pinyin=H"
  },
  {
    "name": "红三环",
    "link": "queryBrandByPage.do?pageNum=1&bigBrandId=127"
  },
  {
    "name": "红河",
    "link": "queryBrandByPage.do?pageNum=1&bigBrandId=29"
  },
  {
    "name": "红旗渠",
    "link": "queryBrandByPage.do?pageNum=1&bigBrandId=64"
  },
  {
    "name": "红双喜(上海)",
    "link": "queryBrandByPage.do?pageNum=1&bigBrandId=73"
  },
  {
    "name": "黄金叶",
    "link": "queryBrandByPage.do?pageNum=1&bigBrandId=9"
  },
  {
    "name": "黄鹤楼",
    "link": "queryBrandByPage.do?pageNum=1&bigBrandId=28"
  },
  {
    "name": "好猫",
    "link": "queryBrandByPage.do?pageNum=1&bigBrandId=27"
  },
  {
    "name": "红金龙",
    "link": "queryBrandByPage.do?pageNum=1&bigBrandId=91"
  },
  {
    "name": "哈德门",
    "link": "queryBrandByPage.do?pageNum=1&bigBrandId=153"
  },
  {
    "name": "黄山",
    "link": "queryBrandByPage.do?pageNum=1&bigBrandId=22"
  },
  {
    "name": "红塔山",
    "link": "queryBrandByPage.do?pageNum=1&bigBrandId=39"
  },
  {
    "name": "黄果树",
    "link": "queryBrandByPage.do?pageNum=1&bigBrandId=143"
  },
  {
    "name": "红玫",
    "link": "queryBrandByPage.do?pageNum=1&bigBrandId=45"
  },
  {
    "name": "哈尔滨",
    "link": "queryBrandByPage.do?pageNum=1&bigBrandId=67"
  },
  {
    "name": "猴王",
    "link": "queryBrandByPage.do?pageNum=1&bigBrandId=122"
  },
  {
    "name": "恒大",
    "link": "queryBrandByPage.do?pageNum=1&bigBrandId=120"
  },
  {
    "name": "娇子",
    "link": "queryBrandByPage.do?pageNum=1&bigBrandId=17"
  },
  {
    "name": "金圣",
    "link": "queryBrandByPage.do?pageNum=1&bigBrandId=25"
  },
  {
    "name": "金桥",
    "link": "queryBrandByPage.do?pageNum=1&bigBrandId=80"
  },
  {
    "name": "甲天下",
    "link": "queryBrandByPage.do?pageNum=1&bigBrandId=103"
  },
  {
    "name": "将军",
    "link": "queryBrandByPage.do?pageNum=1&bigBrandId=123"
  },
  {
    "name": "龙烟",
    "link": "queryBrandByPage.do?pageNum=1&bigBrandId=138"
  },
  {
    "name": "林海灵芝",
    "link": "queryBrandByPage.do?pageNum=1&bigBrandId=68"
  },
  {
    "name": "庐山",
    "link": "queryBrandByPage.do?pageNum=1&bigBrandId=26"
  },
  {
    "name": "兰州",
    "link": "queryBrandByPage.do?pageNum=1&bigBrandId=125"
  },
  {
    "name": "利群",
    "link": "queryBrandByPage.do?pageNum=1&bigBrandId=21"
  },
  {
    "name": "龙凤呈祥",
    "link": "queryBrandByPage.do?pageNum=1&bigBrandId=105"
  },
  {
    "name": "牡丹",
    "link": "queryBrandByPage.do?pageNum=1&bigBrandId=75"
  },
  {
    "name": "南京",
    "link": "queryBrandByPage.do?pageNum=1&bigBrandId=18"
  },
  {
    "name": "七匹狼",
    "link": "queryBrandByPage.do?pageNum=1&bigBrandId=20"
  },
  {
    "name": "人民大会堂",
    "link": "queryBrandByPage.do?pageNum=1&bigBrandId=126"
  },
  {
    "name": "双喜·好日子",
    "link": "queryBrandByPage.do?pageNum=1&bigBrandId=43"
  },
  {
    "name": "苏烟",
    "link": "queryBrandByPage.do?pageNum=1&bigBrandId=11"
  },
  {
    "name": "石狮",
    "link": "queryBrandByPage.do?pageNum=1&bigBrandId=81"
  },
  {
    "name": "三沙",
    "link": "queryBrandByPage.do?pageNum=1&bigBrandId=132"
  },
  {
    "name": "狮牌",
    "link": "queryBrandByPage.do?pageNum=1&bigBrandId=106"
  },
  {
    "name": "散花",
    "link": "queryBrandByPage.do?pageNum=1&bigBrandId=66"
  },
  {
    "name": "双喜(广东)",
    "link": "queryBrandByPage.do?pageNum=1&bigBrandId=151"
  },
  {
    "name": "土楼",
    "link": "queryBrandByPage.do?pageNum=1&bigBrandId=82"
  },
  {
    "name": "天子",
    "link": "queryBrandByPage.do?pageNum=1&bigBrandId=107"
  },
  {
    "name": "泰山",
    "link": "queryBrandByPage.do?pageNum=1&bigBrandId=3"
  },
  {
    "name": "王冠",
    "link": "queryBrandByPage.do?pageNum=1&bigBrandId=49"
  },
  {
    "name": "雄狮",
    "link": "queryBrandByPage.do?pageNum=1&bigBrandId=53"
  },
  {
    "name": "熊猫",
    "link": "queryBrandByPage.do?pageNum=1&bigBrandId=74"
  },
  {
    "name": "玉溪",
    "link": "queryBrandByPage.do?pageNum=1&bigBrandId=38"
  },
  {
    "name": "延安",
    "link": "queryBrandByPage.do?pageNum=1&bigBrandId=133"
  },
  {
    "name": "羊城",
    "link": "queryBrandByPage.do?pageNum=1&bigBrandId=47"
  },
  {
    "name": "椰树",
    "link": "queryBrandByPage.do?pageNum=1&bigBrandId=46"
  },
  {
    "name": "云烟",
    "link": "queryBrandByPage.do?pageNum=1&bigBrandId=30"
  },
  {
    "name": "紫气东来",
    "link": "queryBrandByPage.do?pageNum=1&bigBrandId=137"
  },
  {
    "name": "真龙",
    "link": "queryBrandByPage.do?pageNum=1&bigBrandId=16"
  },
  {
    "name": "中华",
    "link": "queryBrandByPage.do?pageNum=1&bigBrandId=72"
  },
  {
    "name": "遵义",
    "link": "queryBrandByPage.do?pageNum=1&bigBrandId=144"
  },
  {
    "name": "钻石",
    "link": "queryBrandByPage.do?pageNum=1&bigBrandId=60"
  },
  {
    "name": "中南海",
    "link": "queryBrandByPage.do?pageNum=1&bigBrandId=134"
  }
]